#	Nom	Prenoms	Classe	Genre	Mail	Telephone	Type
1	Cherif	Ben Ali	TWIN 1	Masculin	benalicherif0@gmail.com	01850650	Participant
2	Yao	Kouadio Yann Evrard	TWIN 1	Masculin	Ykouadioyannevrard45@gmail.com	44263468	Participant
3	Drabo	Mohamed	SRIT 1C	Masculin	drabom123@gmail.com	75773403	Participant
4	Coulibaly	Yenin Diane	RTEL 1	Feminin	Coulibalydiane247@gmail.com	88 54 53 83	Participant
5	Traoré	harouna junior	RTEL 1	Masculin	Pouloulou2020@gmail.co	01540814	Participant
6	OUANGUI	FOUEULO JEAN PATRICK	TWIN 2	Masculin	jeanagentx@gmail.com	46376439	Formateur
7	Monnet	Calix	TWIN 1	Masculin	calixmonnet@gmail.com	516452141	Participant
8	Kouamé	Benjamin	SIGL 1	Masculin	Kouamebenjamin758@gmail.com	01332521	Participant
9	Bessan	Eugene	SRIT 3B	Masculin	eugenebessan@gmail.com	79689782	Formateur
10	Traoré	harouna junior	RTEL 1	Masculin	pouloulou2020@gmail.co	69155180	Participant
11	KONAN	Roland Oscar Mondesir	TWIN 2	Masculin	konanrolandoscar@gmail.com	79572017	Participant
12	DEMBELE	BOUBACAR	TWIN 2	Masculin	dembele75inp@gmail.com	+225 77620925	Formateur
13	Kane	Cheik moussa	SRIT 1A	Masculin	Kanemoussa9007@gmail.com	44443102	Formateur
14	Bakayoko	Mouloukou souleymane	TWIN 1	Masculin	bakayoko.souleyy@gmail.com	77054186	Participant
15	Sidibe	Abdou Bakir	RTEL 1	Masculin	Abdoulbakirs@gmail.com	59559516	Participant
16	KONE	VAKARAMOKO	SIGL 2	Masculin	Vakaramokokone@gmail.com	57790627	Participant
17	Coulibaly	Kignelman Williams	SRIT 1C	Masculin	williamscoulibaly47@gmail.com	47107196	Participant
18	Ouattara	Rokiatou	SIGL 2	Feminin	rouattara15@gmail.com	79802423	Participant
19	Brou	N'doubah Léonard	RTEL 1	Masculin	Leonardlensbrou@gmail.com	59152960	Participant
20	DEMBELE	BOUBACAR	TWIN 2	Masculin	boubadembele06@gmail.com	77620925	Participant
21	KANGA	KOUAKOU DOMINIQUE	TWIN 3	Masculin	dominiquekanga9@gmail.com	40911801	Participant
22	KONATÉ	Dotémin	SRIT 1C	Masculin	konatedotemin1492@gmail.com	09930836	Participant
23	Tossou	Kokou Daniel	INFO	Masculin	tossdaniel@gmail.com	59668222	Participant
24	Konan	Oka Dominique Blanchard	TWIN 1	Masculin	okino4d@gmail.com	53328691	Participant
25	EHUI	Yann-Loïc	SIGL 1	Masculin	Ehui.yann729@gmail.com	89787224	Participant
26	Tuo	Navigué	TWIN 2	Masculin	naviguet1@gmail.com	59190122	Formateur
27	Ahoumouan	Axel Hamilton	SRIT 2B	Masculin	axelahoumouan@gmail.com	56108486	Formateur
28	Abubakar	Adnan	SRIT 1A	Masculin	abubakaradnan432@gmail.com	51428976	Participant
29	EHOUMAN	Ahossan Brice Emmanuel	RTEL 1	Masculin	EhoumanEmmanuel12@gmail.com	59714941	Participant
30	EHOUMAN	Ahossan Brice Emmanuel	RTEL 1	Masculin	Ehoumanemmanuel12@gmail.com	73047225	Participant
31	Touan	Yali Trésor Auriol	RTEL 1	Masculin	Chictresorier@gmail.com	54491019	Participant
32	TOFFE	Michel	RTEL 2	Masculin	toffem550@gmail.com	75356769	Participant
33	Ouangui	Foueulo jean patrick	TWIN 2	Masculin	patrickouangui435@gmail.com	89126306	Participant
34	Koné	Sounan	SRIT 3A	Masculin	ksounanfranck@gmail.com	08828111	Participant
35	Diomandé	Mohamed	TWIN 2	Masculin	diomande.moohamed@gmail.com	48154694	Formateur
36	Barro	Yaya	SIGL 1	Masculin	yayabarro06@gmail.com	69383890	Participant
37	Yao	Nantikey Ruth Emmanuella	SIGL 3	Feminin	emma.ruth.yao@gmail.com	89891090	Participant
38	KISSI	AMIEN EMMANUEL	SRIT 3B	Masculin	kissiamienemmanuel@gmail.com	49464232	Formateur
39	YAO	EDMOND DANIEL	SRIT 2A	Masculin	daniniyaoo@gmail.com	69347003	Participant
40	Ouattara	Fougnigué Zié Wilfried	SRIT 1A	Masculin	wilfriedzieouattara14@gmail.com	05119935	Participant
41	Kane	Mamadou	SRIT 1A	Feminin	kmamadouloa@gmail	45118325	Participant
42	Kouakou	Amenan Martialle	SRIT 2A	Feminin	kouakoumartialle@gmail.com	86732641	Participant
43	Amon	Django François	RTEL 1	Masculin	amondjango@gmail.com	88557365	Participant
44	Soumaila	Geoffroy Evane	RTEL 1	Masculin	Soumailaevane@gmail.com	41947729	Participant
45	KOUAME	Konan Aimé Frédéric Junior	SIGL 1	Masculin	kouamej740@gmail.com	84382546	Participant
46	N'da	regis	SRIT 2B	Masculin	ndaregisrichmond@gmail.com	69116467	Participant
47	KONAN	N'DRY SILAS	SIGL 1	Masculin	silaskonan11@gmail.com	52950555	Participant
48	wayou	franck	SIGL 2	Masculin	franckwayou05@gmail.com	79008354	Participant
49	TCHUMUN	BONY	TWIN 2	Masculin	sergebruno378@gmail.com	89786629	Participant
50	TCHUMUN	BONY	TWIN 2	Masculin	sergebruno378@outlook.com	+22589786629	Formateur
51	Tuo	Navigué	TWIN 2	Masculin	naviguetuo1@gmail.com	+22559190122	Participant
52	Eloiflin	Damo Emmanuel	SRIT 2A	Masculin	damoahossan@gmail.com	67516289	Participant
53	Toure	Lacina junior	SRIT 1A	Masculin	Juniortoure0730@gmail.com	89492982	Participant
54	Coulibaly	Yedjokara Constant	RTEL 1	Masculin	Constantcoulibaly84@gmail.vom	67909877	Formateur
55	Koffi	Kouassi edy	SIGL 3	Masculin	koffiedy@gmail.com	51886478	Formateur
56	Yao	Moya Florence Gertrude	TWIN 3	Feminin	yaomoya95@gmail.com	58445671	Participant
57	Koffi	Williams	RTEL 1	Masculin	Williamskoffi66@gmail.com	42129313	Participant
58	Coulibaly	Souleymane junior	RTEL 1	Masculin	Miminini1810@gmail.com	67614433	Participant
59	Ezanin	Anohouba joel	SIGL 2	Masculin	lilyzzy8@gmail.com	02218655	Formateur
60	TAGRAUD	Zokou Romaric	SRIT 1C	Masculin	romazokou@gmail.com	89547149	Participant
61	Cissé	Yaya	SIGL 3	Masculin	bocissetresor@gmail.com	87586222	Formateur
62	Diomande	Droh Martial	TWIN 2	Masculin	diomandedroh79@gmail.com	79172617	Participant
63	Bakayoko	Guennadi chancelin caderissi	SRIT 1A	Masculin	bakayokochancelin@gmail.com	76246324	Participant
64	Koffi	Konan Noël Junior	RTEL 1	Masculin	noeljunior216@gmail.com	79725289	Participant
65	koffi	Konan Claude Boris	RTEL 1	Masculin	konanclaudeboriskoffi@gmail.com	79061454	Participant
66	Bandama	Pascale Marie Estelle	TWIN 2	Feminin	bandamapascale@gmail.com	78282157	Participant
67	Kouassi	Cheick Kader	SIGL 2	Masculin	musk06698@gmail.com	59319342	Formateur
68	KOUAKOU	KOUADIO ARISTIDE	SRIT 3B	Masculin	kouadiotchinviende09527916@gmail.com	52259828	Formateur
69	Yeo	Kanigui	TWIN 1	Masculin	Yeoyeka@gmail.com	05507478	Participant
70	Koulibaly	Kanigui Moussa	TWIN 2	Feminin	mkoulibaly059@gmail.com	79573014	Participant
71	Oguidan	Michael	SIGL 1	Masculin	michaeloguidan@gmail.com	87721884	Participant
72	Zaoui	Jacob bartimee	SRIT 1A	Masculin	Jacobartimee@gmail.com	47841386	Participant
73	Tadji	Ben Yaya Ahizi Aymard	TWIN 1	Masculin	tadjiben6@gmail.com	53591729	Participant
74	Kouassi	Kodossou Pierre Marie	TWIN 1	Masculin	perremarie846@gmail.com	48366353	Participant
75	Kendja	Jacques cedric	TWIN 1	Masculin	Lightcedric@yahoo.com	79847523	Participant
76	Silue	samuel	SIGL 1	Feminin	siluesamuel98@gmail.com	86671113	Participant
77	Traoré	Abdoul Aziz	SRIT 3B	Masculin	traoreabdoulaziz54@gmail.com	79504049	Participant
78	Kouame	Bi kouame Emmanuel	TWIN 2	Masculin	emmanuel.bikouame@gmail.com	68916079	Participant
79	N'tayé	Ayepa Félix Daniel	SRIT 2A	Masculin	ntayeayepafelixdaniel@gmail.com	69248448	Participant
80	Boni	Acobe ange Ulrich	RTEL 1	Masculin	boniangeulrich@gmail.com	77315605/89167920	Participant
81	Boro	Idrissa	SRIT 1B	Masculin	Idrissboro @gmail.com	06 79 38 21	Participant
82	OULOHADÉ	Amonhyable Grâce Syntiche	SRIT 1C	Feminin	grâceoulohade@gmail.com	51544136	Participant